station_id,longitude,latitude,river_name,catchment_name,catchment_area_km2,series_type
camelsaus_A0020101,139.3667,-25.90875,Diamantina River,Eyre Lake,119303.484,obs
camelsbr_17090000,-54.8728,-1.5031,Curua,Amazonas,19796.885,obs
camelsbr_23600000,-47.3919,-6.2886,Tocantins,Tocantins,290671.47,obs
camelsbr_33281000,-44.605,-4.57,Mearim,Mearim,24173.393,obs
camelsbr_33380000,-45.2178,-3.7697,Grajau,Mearim,20412.238,obs
camelsbr_34070000,-44.8267,-7.3808,Parnaiba,Parnaiba,35420.41,obs
camelsbr_34170000,-44.8139,-7.0819,Das Balsas,Parnaiba,24855.604,obs
camelsbr_34311000,-43.0278,-6.7614,Parnaiba,Parnaiba,140793.7,obs
camelsbr_34690000,-42.8111,-5.135,Parnaiba,Parnaiba,238239.62,obs
camelsbr_34770000,-42.2136,-5.6664,Poti,Parnaiba,43553.2,obs
camelsbr_40100000,-45.2858,-19.2786,Sao Francisco,Sao Francisco,13869.804,obs
camelsbr_41135000,-44.9431,-17.3692,Sao Francisco,Sao Francisco,62269.19,obs
camelsbr_42210000,-45.0808,-16.6572,Sao Francisco,Sao Francisco,106920.55,obs
camelsbr_42395000,-46.4728,-17.255,Paracatu,Sao Francisco,12937.129,obs
camelsbr_42690001,-46.0136,-17.0303,Paracatu,Sao Francisco,30331.475,obs
camelsbr_43200000,-45.07,-16.3725,Sao Francisco,Sao Francisco,154118.81,obs
camelsbr_45298000,-43.7633,-14.3044,Sao Francisco,Sao Francisco,254430.6,obs
camelsbr_51350000,-39.5222,-12.5856,Paraguacu,Paraguacu,38051.61,obs
camelsbr_56850000,-41.9508,-18.8831,Doce,Doce,40674.66,obs
camelsbr_56920000,-41.6417,-18.9711,Doce,Doce,55388.41,obs
camelsbr_60680000,-49.6108,-18.3389,Meia Ponte,Parana,11629.115,obs
camelsbr_60772000,-50.2469,-17.9808,Dos Bois,Parana,17318.78,obs
camelsbr_60798000,-50.3325,-17.9678,Verde _ Verdao,Parana,12770.967,obs
camelsbr_61912000,-48.0403,-21.5019,Mogi Guacu,Parana,13933.006,obs
camelsbr_63350100,-52.9017,-20.445,Verde,Parana,14462.677,obs
camelsbr_63970000,-52.8675,-21.6633,Pardo,Parana,31023.607,obs
camelsch_2011,7.3579,46.21909,Rhone,Rhone,3363.355,obs
camelsch_2029,7.283394,47.122066,Aare,Rhine,8226.62,obs
camelsch_2030,7.611825,46.764569,Aare,Rhine,2452.754,obs
camelsch_2099,8.525453,47.390585,Limmat,Rhine,2167.9805,obs
camelsch_2104,9.088424,47.131563,Linth,Rhine,1058.6274,obs
camelsch_2110,8.396131,47.222351,Reuss,Rhine,2894.4792,obs
camelsch_2152,8.298489,47.054009,Reuss,Rhine,2247.9272,obs
camelsch_2170,6.159361,46.180286,Arve,Rhone,1970.3662,obs
camelsch_2215,7.234397,46.908623,Saane,Rhine,1856.8398,obs
camelsch_2243,8.309418,47.475706,Limmat,Rhine,2387.088,obs
camelsch_2387,9.447353,46.715082,Hinterrhein,Rhine,1572.6849,obs
camelscl_10311001,-72.966667,-40.316667,Bueno,Bueno,4151.2695,obs
camelsdk_210084,9.67,56.24,GUDENA,Gudena,1279.4559,obs
camelsdk_250082,8.72,55.95,SKJERN A,Skern,1048.1423,obs
camelsdk_380024,8.88,55.32,RIBE A,Ribe,672.9701,obs
camelsdk_570058,11.68,55.3,SUSA,Susa,752.63116,obs
camelsgb_11001,-2.18759,57.21832,Don,Don,1263.6799,obs
camelsgb_12001,-2.60357,57.05013,Dee,Dee,1374.035,obs
camelsgb_15006,-3.38696,56.51441,Tay,Tay,4566.1753,obs
camelsgb_21006,-2.8,55.59,TWEED -SCOTLAND-,Tweed,1499.4462,obs
camelsgb_21009,-2.16337,55.72269,Tweed,Tweed,4381.2847,obs
camelsgb_21022,-2.19,55.788,WHITEADDER WATER,Tweed,500.23904,obs
camelsgb_22001,-1.631,55.333,COQUET,Northumbria,576.0216,obs
camelsgb_24001,-1.59,54.733,WEAR,Wear,658.7222,obs
camelsgb_27002,-1.36,53.92,WHARFE,Ouse,756.3298,obs
camelsgb_27007,-1.46,54.1,URE,Ouse,909.2894,obs
camelsgb_27009,-1.135153,53.991515,Ouse,Ouse,3288.827,obs
camelsgb_28009,-1.07772,52.952707,Trent,Trent,7441.5923,obs
camelsgb_28015,-0.962,53.398,IDLE,Trent,526.3461,obs
camelsgb_28018,-1.651,52.856,DOVE -TRIB. TRENT-,Trent,881.11804,obs
camelsgb_33022,-0.315,52.144,IVEL,Great Ouse,537.7729,obs
camelsgb_33034,0.72,52.43,LITTLE OUSE,Great Ouse,704.82715,obs
camelsgb_36006,0.94,51.97,STOUR -E. ENGLAND-,R. Stour,569.1151,obs
camelsgb_39002,-1.18,51.64,THAMES,"Thames, above Lea",3469.2603,obs
camelsgb_39016,-1.066,51.432,KENNET,"Thames, above Lea",1034.2664,obs
camelsgb_39021,-1.3,51.861,CHERWELL,"Thames, above Lea",553.69385,obs
camelsgb_40003,0.448,51.25,MEDWAY,Medway,1256.8231,obs
camelsgb_4001,-4.53997,57.55658,Conon,Conon,957.57965,obs
camelsgb_42004,-1.496,50.968,TEST,Test,1031.6497,obs
camelsgb_45001,-3.51,50.8,EXE,Exe,606.2239,obs
camelsgb_47001,-4.221,50.53,TAMAR,R. Tamar,917.0288,obs
camelsgb_50001,-3.98,51,TAW,Taw,830.24225,obs
camelsgb_50002,-4.135,50.946,TORRIDGE,R. Torridge,661.99365,obs
camelsgb_54001,-2.322438,52.383563,Severn,Severn,4315.2764,obs
camelsgb_54002,-1.942876,52.092165,Avon,Severn,2200.8992,obs
camelsgb_54008,-2.591539,52.313207,Teme,Severn,1120.9216,obs
camelsgb_56001,-2.949,51.745,USK,Usk,910.2359,obs
camelsgb_60010,-4.2,51.863,Tywi,R. Towy,1088.5425,obs
camelsgb_62001,-4.56,52.04,TEIFI,Teifi,894.2814,obs
camelsgb_67015,-2.96,52.96,DEE -WALES-,R. Dee,1005.1383,obs
camelsgb_7002,-3.64408,57.60477,Findhorn,Findhor,778.1582,obs
camelsgb_71001,-2.624715,53.76911,Ribble,Ribble,1140.6337,obs
camelsgb_76007,-2.952852,54.90486,Eden,Eden,2267.4387,obs
camelsgb_78003,-3.27,55.02,Annan,R. Annan,921.2716,obs
camelsgb_8006,-3.14039,57.55104,Spey,Spey,2839.4688,obs
camelsgb_85001,-4.575,55.989,LEVEN -SCOTLAND-,Leven,782.4379,obs
camelsgb_9002,-2.49353,57.53767,Deveron,Deveron,957.2298,obs
GRDC_1159290,20.72243,-28.77466,Orange,Orange,346731.97,obs
GRDC_1159301,22.7458,-29.6517,Orange,Orange,320560.2,obs
GRDC_1159302,23.6958,-29.1619,Orange,Orange,97005.54,obs
GRDC_1159304,23.57511,-29.18285,Orange,Orange,282905.12,obs
GRDC_1159450,24.0729,-28.71149,Vaal,Orange,152687.4,obs
GRDC_1159535,26.46389,-27.38972,Vaal,Orange,80192.164,obs
GRDC_1159545,26.69808,-27.01011,Vaal,Orange,63625.035,obs
GRDC_1159550,27.20967,-26.97056,Vaal,Orange,49211.625,obs
GRDC_1159555,27.59197,-26.73828,Vaal,Orange,47286.63,obs
GRDC_1159655,28.50975,-30.06186,Orange,Orange,10651.335,obs
GRDC_1159675,27.06556,-29.61667,Caledon,Orange,12915.117,obs
GRDC_1159810,28.4956,-27.2983,Wilge,Orange,15446.842,obs
GRDC_1159880,28.76528,-27.00231,Vaal,Orange,15543.669,obs
GRDC_1160235,18.68639,-31.8625,Doring,Doring,24011.543,obs
GRDC_1160777,29.26508,-31.3955,Mzimvubu,Coastal,19314.674,obs
GRDC_1160883,30.44222,-28.75003,Tugela,Uthukela,12990.937,obs
GRDC_1196800,30.82299,-24.18473,Elefantes _ Olifantsrivier,Limpopo,46727.164,obs
GRDC_1196850,31.24288,-24.06628,Elefantes _ Olifantsrivier,Limpopo,50019.88,obs
GRDC_1197090,31.98244,-25.43661,Komati,Incomati,21720.19,obs
GRDC_1255100,14.2167,-17.4,Cunene_ Kunene,Cunene,85521.03,obs
GRDC_1257100,19.7667,-17.9,Okavango _ Cubango,Okavango,103880.05,obs
GRDC_1291100,24.3,-17.4833,Zambezi,Zambezi,336136.06,obs
GRDC_1320100,-11.143,7.328,Mano,Mano,5721.017,obs
GRDC_1320150,-10.078,8.278,Kaiha,Mano,664.50476,obs
GRDC_1321880,-10.88,7.067,Lofa,Loffa,8076.7993,obs
GRDC_1322880,-10.36175,6.90211,Saint Paul,Saint Paul River,18398.885,obs
GRDC_1323550,-9.526,6.466,Saint John,Saint John River,11078.97,obs
GRDC_1323580,-9.87,6.084,Saint John,Saint John River,15861.0625,obs
GRDC_1324580,-9.319,5.617,Cestos,Cestos -Also Nuon,11677.098,obs
GRDC_3264500,-55.88,-27.37,Parana Rio,Parana,936576.44,obs
GRDC_3268100,-64.37,-22.72,Bermejo Rio,Parana,4888.439,obs
GRDC_3269300,-57.68,-29.83,Mirinay Rio,Uruguay,10172.292,obs
GRDC_3274120,-65.6,-27.1,Las Sosas Rio De,Mar Chiquita,570.1245,obs
GRDC_3275100,-68.63,-31.52,San Juan Rio,Colorado,26716.572,obs
GRDC_3275140,-69.68,-31.88,Patos Rio De Los,Colorado,8460.836,obs
GRDC_3275200,-69.77,-32.85,Tupungato Rio,Colorado,1766.0667,obs
GRDC_3275210,-69.27,-32.85,Mendoza Rio,Colorado,7034.952,obs
GRDC_3275250,-69.25,-33.78,Tunuyan Rio,Colorado,2458.3027,obs
GRDC_3275280,-69.33,-34.67,Diamante Rio,Colorado,2790.7476,obs
GRDC_3275500,-69.95,-36.73,Barrancas Rio,Colorado,3225.14,obs
GRDC_3275800,-69.42,-38.53,Neuquen Rio,Negro,30321.055,obs
GRDC_3275950,-71.15,-41.07,Limay Rio,Negro,3976.8782,obs
GRDC_3276100,-71.17,-42.1,Chubut Rio,Chubut,1283.8439,obs
GRDC_3292100,-71.75,-41.38,Manso Rio,Puelo,857.67535,obs
GRDC_3617110,-65.3478,-10.7925,Mamore,Amazonas,614223.5,obs
GRDC_3617811,-64.4253,-12.4267,Guapore,Amazonas,342859.34,obs
GRDC_3617812,-61.05,-13.4858,Guapore,Amazonas,55945.824,obs
GRDC_3618051,-64.8289,-0.4819,Negro,Amazonas,293714.72,obs
GRDC_3618052,-66.8022,-0.2006,Negro,Amazonas,194159.39,obs
GRDC_3618053,-67.3128,0.3717,Negro,Amazonas,124376.94,obs
GRDC_3618090,-66.8525,1.2153,Negro,Amazonas,74838.234,obs
GRDC_3618110,-67.5947,1.0744,Icana,Amazonas,23605.41,obs
GRDC_3618150,-62.6219,0.8842,Demeni,Amazonas,17858.236,obs
GRDC_3618500,-61.1236,1.8214,Branco,Amazonas,126160.28,obs
GRDC_3618600,-60.52,-0.8586,Alalau,Amazonas,7174.977,obs
GRDC_3618720,-60.5711,3.2078,Uraricoera,Amazonas,49585.074,obs
GRDC_3618721,-61.0367,3.4381,Uraricoera,Amazonas,36260.402,obs
GRDC_3618722,-63.1692,3.5497,Uraricoera,Amazonas,15373.021,obs
GRDC_3618730,-61.4406,2.8708,Mucajai,Amazonas,12534.619,obs
GRDC_3618950,-69.1281,0.4769,Vaupes _ Uaupes,Amazonas,39908.85,obs
GRDC_3618951,-68.5386,0.1303,Vaupes _ Uaupes,Amazonas,44067.742,obs
GRDC_3621200,-66.6,-1.8211,Caqueta _ Japura,Amazonas,249386.02,obs
GRDC_3624200,-67.8925,-4.2211,Jutai,Amazonas,35666.9,obs
GRDC_3624201,-68.9983,-5.3831,Jutai,Amazonas,10783.426,obs
GRDC_3624250,-67.3444,-4.3256,Bia,Amazonas,10945.789,obs
GRDC_3624400,-65.2017,-4.2922,Tefe,Amazonas,13769.82,obs
GRDC_3625000,-63.0278,-4.0578,Amazon _ Amazonas,Amazonas,1783024.8,obs
GRDC_3628300,-57.8269,-1.4381,Nhamunda,Amazonas,9852.008,obs
GRDC_3628400,-59.3442,-2.1061,Uatuma,Amazonas,20083.443,obs
GRDC_3628401,-59.4833,-1.9381,Uatuma,Amazonas,18925.875,obs
GRDC_3629001,-55.5131,-1.9192,Amazon _ Amazonas,Amazonas,4691042,obs
GRDC_3632400,-70.9056,-4.3408,Javari,Amazonas,61764.223,obs
GRDC_3632401,-72.8136,-5.1389,Javari,Amazonas,16614.682,obs
GRDC_3632450,-71.4131,-4.5794,Curuca,Amazonas,24628.68,obs
GRDC_3633120,-66.8506,-4.8392,Jurua,Amazonas,164374.67,obs
GRDC_3633121,-68.2461,-6.4403,Jurua,Amazonas,144044.67,obs
GRDC_3633122,-69.8811,-6.6844,Jurua,Amazonas,77070.45,obs
GRDC_3633123,-71.6892,-7.0556,Jurua,Amazonas,55722.94,obs
GRDC_3633180,-72.7892,-8.9344,Jurua,Amazonas,16237.993,obs
GRDC_3633300,-70.0225,-7.4281,Tarauaca,Amazonas,50071.246,obs
GRDC_3633301,-70.7153,-8.1458,Tarauaca,Amazonas,15759.792,obs
GRDC_3634150,-67.8008,-9.975,Acre,Amazonas,23582.637,obs
GRDC_3634160,-67.3969,-9.0667,Acre,Amazonas,34839.39,obs
GRDC_3634200,-67.55,-7.55,Pauini,Amazonas,23468.404,obs
GRDC_3634220,-64.8861,-6.3192,Tapaua,Amazonas,38394.965,obs
GRDC_3634320,-64.3858,-6.5389,Purus,Amazonas,237359.66,obs
GRDC_3634340,-64.7975,-7.2581,Purus,Amazonas,227885.88,obs
GRDC_3634350,-66.9997,-7.7156,Purus,Amazonas,154883.78,obs
GRDC_3634360,-67.375,-8.6533,Purus,Amazonas,105911.31,obs
GRDC_3634400,-68.7239,-9.3744,Iaco _ Yaco,Amazonas,11309.629,obs
GRDC_3635010,-60.0253,-4.8972,Madeira,Amazonas,1314811,obs
GRDC_3635030,-61.3019,-5.8167,Madeira,Amazonas,1149993.8,obs
GRDC_3635040,-63.9169,-8.7483,Madeira,Amazonas,978989.1,obs
GRDC_3635100,-61.7661,-6.3592,Marmelos,Amazonas,26671.115,obs
GRDC_3635310,-63.7106,-8.7986,Candeias,Amazonas,12404.729,obs
GRDC_3635408,-61.9356,-10.8736,Ji Parana _ Machado,Amazonas,33007.914,obs
GRDC_3635410,-61.215,-11.6525,Ji Parana _ Machado,Amazonas,16319.443,obs
GRDC_3635550,-60.6919,-9.8169,Roosevelt,Amazonas,24464.215,obs
GRDC_3635551,-60.7094,-7.5928,Roosevelt,Amazonas,59561.117,obs
GRDC_3635600,-59.4661,-10.1694,Aripuana,Amazonas,15344.279,obs
GRDC_3635650,-60.65,-7.2078,Aripuana,Amazonas,131322.16,obs
GRDC_3635651,-60.5867,-7.7067,Aripuana,Amazonas,70445.16,obs
GRDC_3635660,-60.5761,-7.7394,Guariba,Amazonas,16268.518,obs
GRDC_3636100,-56.04,-1.1014,Cumina _ Paru De Oeste,Amazonas,34815.332,obs
GRDC_3636200,-57.0469,-1.0875,Trombetas,Amazonas,77996.75,obs
GRDC_3636500,-57.0569,-1.1006,Mapuera _ Urucurina,Amazonas,25848.326,obs
GRDC_3636501,-57.9747,-0.6947,Mapuera _ Urucurina,Amazonas,21686.7,obs
GRDC_3637150,-57.6428,-6.0453,Tapajos,Amazonas,364441.3,obs
GRDC_3637380,-58.3428,-11.3583,Juruena,Amazonas,55944.863,obs
GRDC_3637390,-58.2808,-7.7311,Juruena,Amazonas,182916.25,obs
GRDC_3637771,-56.0194,-9.6406,Teles Pires _ Sao Manuel,Amazonas,81835.65,obs
GRDC_3637772,-55.5706,-10.1133,Teles Pires _ Sao Manuel,Amazonas,52376.457,obs
GRDC_3637773,-55.7025,-11.6517,Teles Pires _ Sao Manuel,Amazonas,34777.938,obs
GRDC_3637774,-55.7928,-12.6742,Teles Pires _ Sao Manuel,Amazonas,14209.156,obs
GRDC_3637775,-55.3347,-13.5575,Teles Pires _ Sao Manuel,Amazonas,10897.428,obs
GRDC_3637790,-57.9503,-7.6147,Teles Pires _ Sao Manuel,Amazonas,139163.42,obs
GRDC_3637910,-57.4236,-11.5367,Arinos,Amazonas,37150.508,obs
GRDC_3638010,-51.5675,-3.7314,Bacaja,Amazonas,24851.676,obs
GRDC_3638051,-51.9953,-6.7358,Xingu,Amazonas,211156.17,obs
GRDC_3638120,-54.0125,-4.5278,Iriri,Amazonas,122640.93,obs
GRDC_3638150,-54.2456,-5.6967,Iriri,Amazonas,58832.297,obs
GRDC_3649014,-49.0639,-14.7397,Das Almas,Tocantins,18374.092,obs
GRDC_3649030,-48.6739,-14.9775,Maranhao,Tocantins,11286.143,obs
GRDC_3649031,-49.0417,-14.5186,Maranhao,Tocantins,34762.33,obs
GRDC_3649150,-46.8375,-13.7625,Parana,Tocantins,22884.416,obs
GRDC_3649211,-48.6572,-11.9819,Santa Tereza,Tocantins,13913.737,obs
GRDC_3649240,-48.2886,-11.5328,Manuel Alves,Tocantins,14538.109,obs
GRDC_3649251,-48.5328,-12.0231,Tocantins,Tocantins,128682.97,obs
GRDC_3649255,-48.2367,-12.7425,Tocantins,Tocantins,63894.35,obs
GRDC_3649310,-47.3117,-7.7078,Manuel Alves Grande,Tocantins,10061.203,obs
GRDC_3649320,-47.9292,-9.3069,Do Sono,Tocantins,44160.293,obs
GRDC_3649321,-47.6747,-9.9633,Do Sono,Tocantins,18141.68,obs
GRDC_3649409,-50.6625,-11.6181,Araguaia,Tocantins,196521.08,obs
GRDC_3649411,-52.5497,-16.2006,Verde,Tocantins,18478.344,obs
GRDC_3649412,-51.8281,-15.7381,Araguaia,Tocantins,50265.766,obs
GRDC_3649413,-50.585,-13.2097,Araguaia,Tocantins,117613.9,obs
GRDC_3649414,-50.6667,-11.9167,Araguaia,Tocantins,134147.1,obs
GRDC_3649416,-49.2594,-8.2694,Araguaia,Tocantins,326749.56,obs
GRDC_3649418,-48.5422,-6.4097,Araguaia,Tocantins,372095.75,obs
GRDC_3649419,-48.1325,-5.6514,Araguaia,Tocantins,383486.03,obs
GRDC_3649422,-52.2278,-15.8914,Araguaia,Tocantins,36908.652,obs
GRDC_3649424,-50.8,-13.6897,Araguaia,Tocantins,92917.91,obs
GRDC_3649459,-51.8528,-15.8897,Caiapo,Tocantins,12095.751,obs
GRDC_3649460,-49.9342,-10.5647,Javaes,Tocantins,39414.2,obs
GRDC_3649465,-49.5892,-12.4178,Formoso,Tocantins,6711.963,obs
GRDC_3649617,-52.355,-14.6725,Das Mortes,Tocantins,25232.31,obs
GRDC_3649618,-51.6964,-14.0867,Das Mortes,Tocantins,40791.652,obs
GRDC_3649619,-50.9636,-12.2919,Das Mortes,Tocantins,59283.266,obs
GRDC_3649640,-50.4011,-13.5614,Crixas Acu,Tocantins,18438.498,obs
GRDC_3649900,-49.3242,-5.1281,Tocantins,Tocantins,743372.5,obs
GRDC_3649901,-49.1244,-5.3386,Tocantins,Tocantins,699551.06,obs
GRDC_3649902,-47.4689,-5.7894,Tocantins,Tocantins,298489.34,obs
GRDC_3649904,-47.4731,-7.3375,Tocantins,Tocantins,275880.44,obs
GRDC_3649905,-48.1114,-8.3917,Tocantins,Tocantins,243494,obs
GRDC_3649950,-49.6533,-3.7578,Tocantins,Tocantins,762774.3,obs
GRDC_3649960,-49.2214,-5.4867,Itacaiunas,Tocantins,37674,obs
GRDC_3650150,-47.7681,-2.5128,Capim,Capim,33028.49,obs
GRDC_3650202,-46.3161,-1.8006,Gurupi,Gurupi,32937.758,obs
GRDC_3650285,-45.4583,-3.6611,Pindare,Pindare,35498.383,obs
GRDC_3650335,-44.7653,-4.2194,Mearim,Mearim,25754.232,obs
GRDC_3650355,-43.3583,-4.8653,Itapecuru,Itapecuru,32714.225,obs
GRDC_3650359,-44.3792,-3.6278,Itapecuru,Itapecuru,49922.125,obs
GRDC_3650470,-42.6967,-5.2025,Poti,Parnaiba,51678.45,obs
GRDC_3650471,-41.7375,-5.2231,Poti,Parnaiba,19267.477,obs
GRDC_3650475,-42.2297,-3.9028,Longa,Parnaiba,11300.912,obs
GRDC_3650477,-41.9742,-3.7239,Longa,Parnaiba,21881.18,obs
GRDC_3650481,-42.37,-3.4539,Parnaiba,Parnaiba,299671.62,obs
GRDC_3650634,-38.4464,-5.1219,Banabuiu,Jaguaribe,17339.049,obs
GRDC_3650745,-38.8672,-6.4067,Salgado,Jaguaribe,12513.645,obs
GRDC_3650750,-37.3525,-6.3781,Piranhas Acu,Atlantico_Trecho Norte-Nordeste,21709.957,obs
GRDC_3651408,-45.3825,-16.9067,Paracatu,Sao Francisco,41573.91,obs
GRDC_3651678,-43.8456,-11.3553,Grande,Sao Francisco,46445.52,obs
GRDC_3651807,-43.2825,-11.5583,Sao Francisco,Sao Francisco,346390.47,obs
GRDC_3652030,-39.6328,-10.9733,Itapicuru,Itapicuru,11909.8,obs
GRDC_3652039,-37.8033,-11.7347,Itapicuru,Itapicuru,35403.664,obs
GRDC_3652130,-39.8481,-12.5156,Paraguacu,Paraguacu,32161.334,obs
GRDC_3652455,-39.5236,-15.9483,Jequitinhonha,Jequitinhonha,68303.914,obs
GRDC_3652600,-40.0639,-19.4075,Doce,Doce,82505.16,obs
GRDC_3652890,-41.3003,-21.7533,Paraiba Do Sul,Paraiba Do Sul,56013.875,obs
GRDC_3653352,-49.0656,-26.9186,Itajai Acu,Atlantico_Trecho Sudeste,12044.773,obs
GRDC_3662300,-53.0533,-21.6097,Anhandui,Parana,13606.143,obs
GRDC_3662400,-53.7358,-24.1661,Piquiri Trib. Parana,Parana,20979.262,obs
GRDC_3662650,-53.3042,-23.1981,Ivai,Parana,34593.94,obs
GRDC_3664160,-54.4331,-25.6831,Iguacu,Parana,66941.39,obs
GRDC_3664802,-51.0803,-26.2281,Iguacu,Parana,24207.928,obs
GRDC_3666020,-57.4372,-19.6006,Paraguai _ Paraguay,Parana,373835.3,obs
GRDC_3666050,-57.7022,-16.0761,Paraguai _ Paraguay,Parana,32632.12,obs
GRDC_3666600,-56.3992,-20.2408,Miranda,Parana,15050.164,obs
GRDC_3666700,-54.7619,-18.5078,Taquari-Mirim,Parana,27950.805,obs
GRDC_3667060,-57.8911,-21.7003,Paraguai _ Paraguay,Parana,579411.3,obs
GRDC_3667400,-57.3039,-22.2236,Apa,Parana,10208.258,obs
GRDC_4101501,-152.12,69.36,Colville,Colville,35346.367,obs
GRDC_4101900,-160.1336,66.973,Kobuk,Kobuk,24398.973,obs
GRDC_4102100,-158.1032,61.8704,Kuskokwim,Kuskokwim,80176.875,obs
GRDC_4102740,-157.4752,59.3484,Nushagak,Nushagak,26252.135,obs
GRDC_4103200,-162.8829,61.9337,Yukon,Yukon,819520.5,obs
GRDC_4103550,-149.7203,65.8751,Yukon,Yukon,499456,obs
GRDC_4103600,-149.0941,64.5648,Tanana,Yukon,64095.137,obs
GRDC_4103750,-143.7486,63.388,Tanana,Yukon,21008.756,obs
GRDC_4103820,-141.4045,64.3089,Fortymile,Yukon,13976.156,obs
GRDC_4105700,-144.4579,61.4651,Copper,Copper,56818.34,obs
GRDC_4105710,-144.7467,60.6711,Copper,Copper,65253.98,obs
GRDC_4105800,-150.5147,61.5442,Susitna,Susitna,49969.76,obs
GRDC_4105810,-150.1772,62.1778,Susitna,Susitna,28528.604,obs
GRDC_4105820,-149.6934,62.7673,Susitna,Susitna,15636.112,obs
GRDC_4106600,-133.7,58.54,Taku,Taku,16724.86,obs
GRDC_4113300,-97.0281,47.9275,Red River Of The North,Nelson,66372.46,obs
GRDC_4113301,-97.1476,48.5722,Red River Of The North,Nelson,78163.11,obs
GRDC_4113303,-96.7837,46.8611,Red River Of The North,Nelson,17377.707,obs
GRDC_4113304,-96.7959,46.6597,Red River Of The North,Nelson,10993.909,obs
GRDC_4113305,-96.5948,46.2652,Red River Of The North,Nelson,9838.827,obs
GRDC_4115100,-123.0429,44.9443,Willamette,Columbia,18807.158,obs
GRDC_4115101,-122.6679,45.5185,Willamette,Columbia,28841.299,obs
GRDC_4115200,-121.1734,45.6073,Columbia,Columbia,600111.75,obs
GRDC_4115201,-123.184,46.1815,Columbia,Columbia,650736.06,obs
GRDC_4115202,-119.8648,46.6287,Columbia,Columbia,248852.72,obs
GRDC_4115203,-120.0812,47.3324,Columbia,Columbia,232742.08,obs
GRDC_4115205,-119.8667,47.9465,Columbia,Columbia,224291.9,obs
GRDC_4115206,-118.9828,47.9654,Columbia,Columbia,194690.42,obs
GRDC_4115260,-119.4781,46.2535,Yakima,Columbia,14591.125,obs
GRDC_4115300,-119.4617,48.6324,Okanogan,Columbia,18760.035,obs
GRDC_4115301,-119.7045,48.2813,Okanogan,Columbia,20954.54,obs
GRDC_4115322,-116.5085,48.9963,Kootenay,Columbia,34307.395,obs
GRDC_4115331,-114.5851,47.3674,Flathead,Columbia,23235.326,obs
GRDC_4115332,-114.2468,47.6802,Flathead,Columbia,18305.64,obs
GRDC_4115346,-116.1177,48.0916,Clark Fork,Columbia,57048.023,obs
GRDC_4115347,-114.856,47.4297,Clark Fork,Columbia,51550.67,obs
GRDC_4115400,-117.8413,47.8366,Spokane,Columbia,15909.306,obs
GRDC_4115401,-117.4491,47.6593,Spokane,Columbia,11039.544,obs
GRDC_4115402,-117.158,47.6791,Spokane,Columbia,10679.476,obs
GRDC_4116182,-118.8831,46.2504,Snake,Columbia,260255.2,obs
GRDC_4116183,-116.6982,45.2513,Snake,Columbia,170434.08,obs
GRDC_4116184,-116.981,44.2454,Snake,Columbia,159719.27,obs
GRDC_4116185,-116.9849,43.8766,Snake,Columbia,134029.7,obs
GRDC_4116186,-116.4209,43.2918,Snake,Columbia,92907.46,obs
GRDC_4116188,-113.5003,42.6731,Snake,Columbia,46107.05,obs
GRDC_4116189,-112.8792,42.7682,Snake,Columbia,39781.684,obs
GRDC_4116190,-112.1355,43.4138,Snake,Columbia,25013.71,obs
GRDC_4116191,-111.2191,43.3508,Snake,Columbia,13427.544,obs
GRDC_4116300,-116.8274,46.4485,Clearwater,Columbia,24046.338,obs
GRDC_4118410,-116.2017,40.6074,Humboldt,Coastal,13039.641,obs
GRDC_4119080,-92.6472,45.4069,St. Croix,Mississippi,16159.724,obs
GRDC_4119100,-93.1058,44.9336,Mississippi,Mississippi,95296.555,obs
GRDC_4119101,-93.7075,46.5405,Mississippi,Mississippi,14887.707,obs
GRDC_4119200,-90.1821,41.5598,Rock,Mississippi,24788.566,obs
GRDC_4119250,-91.1821,41.1781,Iowa,Mississippi,32194.36,obs
GRDC_4119264,-91.2852,41.41,Cedar,Mississippi,19996.75,obs
GRDC_4119280,-91.9596,40.7278,Des Moines,Mississippi,36550.08,obs
GRDC_4119300,-91.3743,40.3937,Mississippi,Mississippi,308755.66,obs
GRDC_4119400,-90.6454,39.7034,Illinois,Mississippi,67621.89,obs
GRDC_4119401,-89.3565,41.1073,Illinois,Mississippi,33602.793,obs
GRDC_4119440,-91.9691,44.6283,Chippewa,Mississippi,23187.264,obs
GRDC_4119441,-91.4093,44.9269,Chippewa,Mississippi,14478.212,obs
GRDC_4119450,-90.4435,43.198,Wisconsin,Mississippi,27290.309,obs
GRDC_4119451,-89.7571,43.6061,Wisconsin,Mississippi,21134.98,obs
GRDC_4119452,-89.8254,44.3947,Wisconsin,Mississippi,14285.985,obs
GRDC_4119453,-89.6348,44.8858,Wisconsin,Mississippi,10567.023,obs
GRDC_4119461,-95.7336,44.9333,Minnesota,Mississippi,15614.442,obs
GRDC_4119650,-90.2521,41.7806,Mississippi,Mississippi,221928.14,obs
GRDC_4120110,-105.8453,46.3847,Tongue,Mississippi,13976.386,obs
GRDC_4120120,-107.469,46.1247,Bighorn,Mississippi,57942.2,obs
GRDC_4120121,-108.1815,44.7586,Bighorn,Mississippi,40765.336,obs
GRDC_4120310,-110.5805,47.9464,Marias,Mississippi,18006.574,obs
GRDC_4120321,-108.5726,46.428,Musselshell,Mississippi,10374.968,obs
GRDC_4120902,-110.2577,48.005,Missouri,Mississippi,87509.984,obs
GRDC_4120956,-108.179,43.425,Wind,Mississippi,19970.414,obs
GRDC_4121146,-102.566,44.3697,Belle Fourche,Mississippi,18298.064,obs
GRDC_4121420,-100.8182,45.6578,Grand,Mississippi,13839.529,obs
GRDC_4122133,-104.8683,39.9219,South Platte,Mississippi,12362.726,obs
GRDC_4122151,-107.0575,41.8722,North Platte,Mississippi,10851.913,obs
GRDC_4122201,-96.5714,39.2372,Big Blue,Mississippi,24744.22,obs
GRDC_4122222,-97.1203,38.9067,Smoky Hill,Mississippi,49553.477,obs
GRDC_4122240,-97.4764,38.9689,Solomon,Mississippi,17538.703,obs
GRDC_4122300,-92.6074,38.1914,Osage,Mississippi,36198.67,obs
GRDC_4122630,-97.7239,41.4181,Loup,Mississippi,35978.38,obs
GRDC_4122635,-98.4492,41.2633,North Loup,Mississippi,11247.132,obs
GRDC_4122637,-98.4465,41.2036,Middle Loup,Mississippi,19785.691,obs
GRDC_4122700,-94.9647,38.9833,Kansas,Mississippi,154267.58,obs
GRDC_4122701,-96.3047,39.1978,Kansas,Mississippi,142469.42,obs
GRDC_4122900,-91.4393,38.71,Missouri,Mississippi,1322654.1,obs
GRDC_4123050,-88.7409,37.1476,Ohio,Mississippi,525044.5,obs
GRDC_4123061,-86.5581,34.5717,Tennessee,Mississippi,66199.22,obs
GRDC_4123062,-88.2573,35.2248,Tennessee,Mississippi,85801.82,obs
GRDC_4123063,-85.2786,35.0867,Tennessee,Mississippi,55308.598,obs
GRDC_4123080,-88.2231,37.0217,Cumberland,Mississippi,45568.7,obs
GRDC_4123081,-86.6578,36.2964,Cumberland,Mississippi,30199.28,obs
GRDC_4123130,-87.7528,38.402,Wabash,Mississippi,74125.92,obs
GRDC_4123131,-86.897,40.422,Wabash,Mississippi,18889.3,obs
GRDC_4123201,-87.0114,38.9275,White Trib. Ohio,Mississippi,12017.47,obs
GRDC_4123202,-87.2895,38.5109,White Trib. Ohio,Mississippi,28688.178,obs
GRDC_4123207,-86.7922,38.6673,White Trib. Ohio,Mississippi,12916.667,obs
GRDC_4123260,-82.8638,39.2123,Scioto River,Mississippi,13432.711,obs
GRDC_4123268,-81.2143,38.1382,Kanawha,Mississippi,21252.467,obs
GRDC_4123300,-85.7991,38.2803,Ohio,Mississippi,235770.53,obs
GRDC_4123301,-80.7084,40.1051,Ohio,Mississippi,63594.684,obs
GRDC_4123352,-79.7184,40.6153,Allegheny,Mississippi,29428.586,obs
GRDC_4123400,-81.8499,39.6451,Muskingum,Mississippi,18992.697,obs
GRDC_4125026,-95.11,37.3401,Neosho,Mississippi,12642.231,obs
GRDC_4125027,-94.9575,36.9287,Neosho,Mississippi,15319.386,obs
GRDC_4125028,-95.1827,36.2295,Neosho,Mississippi,29888.646,obs
GRDC_4125050,-95.698,36.3073,Verdigris,Mississippi,16787.857,obs
GRDC_4125061,-96.9123,35.9859,Cimarron,Mississippi,42188.434,obs
GRDC_4125500,-96.0064,36.1406,Arkansas,Mississippi,187153.2,obs
GRDC_4125550,-95.2394,35.264,Canadian,Mississippi,122427.016,obs
GRDC_4125803,-104.718,38.2717,Arkansas,Mississippi,11921.423,obs
GRDC_4125804,-92.359,34.7909,Arkansas,Mississippi,402313.4,obs
GRDC_4125900,-91.446,34.7904,White Trib. Mississippi,Mississippi,60811.113,obs
GRDC_4125901,-91.2887,35.6051,White Trib. Mississippi,Mississippi,51461.645,obs
GRDC_4125902,-91.6412,35.7598,White Trib. Mississippi,Mississippi,28655.88,obs
GRDC_4125903,-93.2952,36.5976,White Trib. Mississippi,Mississippi,10343.536,obs
GRDC_4126701,-92.8182,33.5965,Ouachita,Mississippi,13904.088,obs
GRDC_4126803,-98.5317,34.1101,Red,Mississippi,52759.273,obs
GRDC_4126810,-99.0967,34.6345,North Fork Red,Mississippi,11760.76,obs
GRDC_4127200,-89.8793,38.3292,Kaskaskia,Mississippi,13387.899,obs
GRDC_4127310,-90.2108,33.6514,Tallahatchie,Mississippi,14006.961,obs
GRDC_4127502,-89.8362,37.9028,Mississippi,Mississippi,1802875.6,obs
GRDC_4127800,-90.9058,32.315,Mississippi,Mississippi,2914997,obs
GRDC_4127930,-91.6237,31.0085,Mississippi,Mississippi,2934842.2,obs
GRDC_4133200,-88.1973,44.3175,Fox,St.Lawrence,15655.068,obs
GRDC_4133400,-87.6634,45.3258,Menominee,St.Lawrence,10088.461,obs
GRDC_4134400,-83.963,43.4128,Saginaw,St.Lawrence,14877.696,obs
GRDC_4136400,-76.5052,43.4517,Oswego,St.Lawrence,13259.961,obs
GRDC_4146110,-124.0004,41.5143,Klamath,Klamath,31104.434,obs
GRDC_4146111,-123.2323,41.8537,Klamath,Klamath,17644.695,obs
GRDC_4146112,-121.9622,42.1332,Klamath,Klamath,9880.354,obs
GRDC_4146281,-121.5983,38.7743,Sacramento,Sacramento,57280.59,obs
GRDC_4146360,-121.2663,37.676,San Joaquin,San Joaquin,41952.45,obs
GRDC_4146400,-121.6724,36.6311,Salinas,Salinas,10860.464,obs
GRDC_4146670,-124.0595,42.5804,Rogue,Rogue,10162.324,obs
GRDC_4147010,-68.6486,45.2367,Penobscot,Penobscot,17318.84,obs
GRDC_4147051,-69.6853,44.4726,Kennebec,Coastal,13988.558,obs
GRDC_4147380,-71.2984,42.6459,Merrimack,Merrimack,12057.479,obs
GRDC_4147460,-72.6054,41.9873,Connecticut,Connecticut,24969.65,obs
GRDC_4147461,-72.5745,42.5787,Connecticut,Connecticut,20282.76,obs
GRDC_4147462,-72.3123,43.6462,Connecticut,Connecticut,10530.367,obs
GRDC_4147703,-76.175,39.6573,Susquehanna,Susquehanna,69926.14,obs
GRDC_4147704,-75.8808,41.2509,Susquehanna,Susquehanna,25719.996,obs
GRDC_4147725,-76.8764,40.9676,Susquehanna,Susquehanna,17652.441,obs
GRDC_4148090,-77.6345,36.4605,Roanoke,Roanoke,22023.822,obs
GRDC_4148231,-78.8239,34.8349,Cape Fear,Cape Fear,12600.233,obs
GRDC_4148530,-81.0498,33.9932,Congaree,Santee,20309.193,obs
GRDC_4148650,-81.2687,32.5282,Savannah,Savannah,25659.41,obs
GRDC_4149120,-89.8209,30.7932,Pearl,Pearl,16931.69,obs
GRDC_4149411,-88.4242,33.4903,Tombigbee,Mobile River,11661.752,obs
GRDC_4149441,-85.2566,34.2004,Coosa,Mobile River,10484.376,obs
GRDC_4149631,-85.0313,30.4252,Apalachicola,Apalachicola,45616.188,obs
GRDC_4149680,-84.5799,30.9116,Flint,Apalachicola,19565.113,obs
GRDC_4150280,-97.8603,28.0383,Nueces,Nueces,42914.297,obs
GRDC_4150281,-98.1781,28.4275,Nueces,Nueces,40085.07,obs
GRDC_4150282,-98.5572,28.3089,Nueces,Nueces,21110.432,obs
GRDC_4150283,-97.6253,27.8831,Nueces,Nueces,43445.477,obs
GRDC_4150310,-97.013,28.793,Guadalupe,San Antonio,13528.302,obs
GRDC_4150330,-97.3847,28.6497,San Antonio,San Antonio,10161.416,obs
GRDC_4150460,-98.6698,30.7513,Llano,Colorado Caribbean Sea,10895.625,obs
GRDC_4150500,-95.7577,29.5825,Brazos,Brazos,107283.73,obs
GRDC_4150505,-99.2245,32.9346,Clear Fork Brazos,Brazos,10325.588,obs
GRDC_4150700,-93.7438,30.3038,Sabine,Sabine,24219.14,obs
GRDC_4152300,-110.9215,33.6195,Salt,Colorado Pacific Ocean,11072.614,obs
GRDC_4152460,-109.2934,38.8105,Colorado,Colorado Pacific Ocean,62064.113,obs
GRDC_4152550,-110.1512,38.9861,Green,Colorado Pacific Ocean,105600.57,obs
GRDC_4152551,-109.2354,40.4094,Green,Colorado Pacific Ocean,65915.26,obs
GRDC_4152553,-110.1632,42.1927,Green,Colorado Pacific Ocean,9866.285,obs
GRDC_4152590,-109.1787,39.9789,White,Colorado Pacific Ocean,10087.762,obs
GRDC_4152601,-109.034,37.0056,San Juan,Colorado Pacific Ocean,37695.977,obs
GRDC_4152602,-108.2256,36.7228,San Juan,Colorado Pacific Ocean,18682.6,obs
GRDC_4152610,-109.7835,40.2155,Duchesne,Colorado Pacific Ocean,9735.467,obs
GRDC_4152650,-108.0784,38.753,Gunnison,Colorado Pacific Ocean,14617.073,obs
GRDC_4152651,-107.6489,38.5292,Gunnison,Colorado Pacific Ocean,10298.368,obs
GRDC_4152660,-109.1951,38.7972,Dolores,Colorado Pacific Ocean,11869.566,obs
GRDC_4152701,-108.5251,40.4516,Yampa,Colorado Pacific Ocean,20527.71,obs
GRDC_4203051,-137.7836,67.4403,Porcupine,Yukon,34801.94,obs
GRDC_4203160,-135.135,63.4881,Stewart,Yukon,29597.7,obs
GRDC_4203320,-139.8597,62.0822,Donjek,Yukon,14183.358,obs
GRDC_4203400,-136.2717,62.0958,Yukon,Yukon,81701.6,obs
GRDC_4203530,-135.51,62.8933,Macmillan,Yukon,11833.074,obs
GRDC_4203820,-140.6111,64.3972,Fortymile,Yukon,16476.686,obs
GRDC_4203900,-135.1883,61.4344,Yukon,Yukon,31475.883,obs
GRDC_4203901,-135.0431,60.7139,Yukon,Yukon,20023.79,obs
GRDC_4204050,-131.75,57.4861,Stikine,Stikine,35708.598,obs
GRDC_4205120,-136.99158,61.18522,Aishihik,Alsek,2822.8538,obs
GRDC_4207160,-124.0078,54.0261,Nechako,Fraser,25153.941,obs
GRDC_4207180,-123.2336,53.9603,Nechako,Fraser,42555.344,obs
GRDC_4207310,-122.4422,52.53,Fraser,Fraser,113763.99,obs
GRDC_4207900,-121.4514,49.3806,Fraser,Fraser,215706.31,obs
GRDC_4208005,-121.3569,61.8686,Mackenzie,Mackenzie,1315335.6,obs
GRDC_4208025,-133.7447,67.4583,Mackenzie,Mackenzie,1688868.9,obs
GRDC_4208120,-128.5575,65.2289,Mountain,Mackenzie,10954.976,obs
GRDC_4208150,-126.8442,65.2739,Mackenzie,Mackenzie,1601781.9,obs
GRDC_4208220,-124.0697,61.2633,South Nahanni,Mackenzie,33663.23,obs
GRDC_4208252,-128.5972,59.8583,Dease,Mackenzie,14449.243,obs
GRDC_4208255,-127.3103,59.6153,Kechika,Mackenzie,22737.908,obs
GRDC_4208256,-127.5339,59.0983,Kechika,Mackenzie,11215.036,obs
GRDC_4208272,-124.4764,59.7425,Liard,Mackenzie,117067.26,obs
GRDC_4208274,-127.2275,59.7011,Liard,Mackenzie,60569.27,obs
GRDC_4208365,-122.6375,58.6708,Fort Nelson,Mackenzie,22553.45,obs
GRDC_4208400,-111.5833,59.8722,Slave,Mackenzie,599089.75,obs
GRDC_4208420,-111.9469,60.6497,Taltson,Mackenzie,61180.457,obs
GRDC_4208450,-112.4264,59.1139,Peace,Mackenzie,297410.03,obs
GRDC_4208452,-116.03,58.38,Peace,Mackenzie,225756.88,obs
GRDC_4208455,-118.6053,55.9192,Peace,Mackenzie,134553.4,obs
GRDC_4208456,-120.05,56.12,Peace,Mackenzie,120734.07,obs
GRDC_4208457,-120.6703,56.1358,Peace,Mackenzie,100283.86,obs
GRDC_4208458,-120.8117,56.1994,Peace,Mackenzie,86780.25,obs
GRDC_4208470,-114.9031,60.7122,Buffalo,Mackenzie,18018.303,obs
GRDC_4208477,-117.4217,60.9403,Kakisa,Mackenzie,13562.34,obs
GRDC_4208550,-121.8989,56.0275,Peace,Mackenzie,72791.82,obs
GRDC_4208630,-117.3128,56.2447,Peace,Mackenzie,193305.53,obs
GRDC_4208822,-113.7861,56.3242,Wabasca,Mackenzie,14245.028,obs
GRDC_4208871,-111.39,58.2,Athabasca,Mackenzie,154326,obs
GRDC_4208975,-105.8194,58.8583,Cree,Mackenzie,20777.516,obs
GRDC_4209400,-114.0081,65.4144,Coppermine,Coppermine,20098.172,obs
GRDC_4209410,-116.576,67.2133,Kendall,Coppermine,2621.6455,obs
GRDC_4209850,-94.0583,67.525,Hayes,Hayes,18409.055,obs
GRDC_4213033,-114.9392,52.3808,North Saskatchewan,Nelson,10983.517,obs
GRDC_4213245,-98.71181,51.58733,Fairford,Nelson,79362.94,obs
GRDC_4213250,-110.6778,50.0431,South Saskatchewan,Nelson,54832.797,obs
GRDC_4213300,-109.6111,53.5167,North Saskatchewan,Nelson,56651.098,obs
GRDC_4213400,-106.6433,52.1403,South Saskatchewan,Nelson,125086.38,obs
GRDC_4213440,-105.7683,53.2028,North Saskatchewan,Nelson,118217.38,obs
GRDC_4213560,-101.0431,52.8792,Red Deer River Trib. Red Deer Lake,Nelson,14303.436,obs
GRDC_4213562,-112.7106,51.4672,Red Deer River Trib. S. Saskatchewan,Nelson,24385.398,obs
GRDC_4213563,-113.8158,52.2767,Red Deer River Trib. S. Saskatchewan,Nelson,11881.428,obs
GRDC_4213603,-99.5472,51.8528,Waterhen,Nelson,54779.875,obs
GRDC_4213680,-97.2111,49.0083,Red River Of The North,Nelson,92208.67,obs
GRDC_4213800,-95.5708,50.225,Winnipeg,Nelson,125287.39,obs
GRDC_4213804,-94.5139,49.7833,Winnipeg,Nelson,69496.44,obs
GRDC_4213911,-93.2083,50.6333,English,Nelson,26019.227,obs
GRDC_4214010,-99.5936,64.2636,Dubawnt,Thelon,64500.395,obs
GRDC_4214025,-92.7886,56.4319,Hayes,Hayes - Trib. Hudson Bay,102707.65,obs
GRDC_4214035,-69.62,57.67,Aux Melezes,Caniapiscau,40397.98,obs
GRDC_4214040,-69.25,57.43,Caniapiscau,Caniapiscau,88087.57,obs
GRDC_4214075,-95.0528,62.4717,Ferguson,Ferguson,12918.825,obs
GRDC_4214080,-85.0083,53.0917,Attawapiskat,Attawapiskat,36331.86,obs
GRDC_4214100,-93.9097,64.3142,Quoich,Quoich,29442.059,obs
GRDC_4214106,-98.2278,58.1431,South Seal,Seal,13041.97,obs
GRDC_4214107,-98.2889,58.8444,North Seal River,Seal,18642.725,obs
GRDC_4214261,-96.7972,57.25,Churchill,Churchill,276020.44,obs
GRDC_4214262,-100.03602,56.46822,Churchill,Churchill,239625.31,obs
GRDC_4214270,-94.625,58.1208,Churchill,Churchill,294421.16,obs
GRDC_4214271,-104.50178,55.35226,Rapid,Churchill,15271.059,obs
GRDC_4214285,-103.1594,56.1931,Reindeer,Churchill,63415.008,obs
GRDC_4214350,-93.8361,55.0264,Gods,Hayes - Trib. Hudson Bay,27058.248,obs
GRDC_4214351,-92.0986,55.85,Gods,Hayes - Trib. Hudson Bay,66060.79,obs
GRDC_4214390,-91.5153,53.4908,Severn,Severn,36827.93,obs
GRDC_4214450,-87.2333,54.5167,Winisk,Winisk River,47714.133,obs
GRDC_4214480,-87.0783,52.0875,Attawapiskat,Attawapiskat,24517.39,obs
GRDC_4214515,-81.5667,49.8819,Abitibi,Moose,21774.781,obs
GRDC_4214520,-83.8389,51.3306,Albany,Albany,118068.6,obs
GRDC_4214531,-82.1167,50.5833,Missinaibi,Moose,24009.295,obs
GRDC_4214540,-86.390833,51.641389,Albany,Albany,32542.557,obs
GRDC_4214551,-81.4583,50.7433,Moose,Moose,61365.402,obs
GRDC_4214655,-77.1872,49.8575,Waswanipi,Nottaway,31460.432,obs
GRDC_4214701,-74.5922,52.1711,Eastmain,Eastmain,21298.018,obs
GRDC_4214801,-76.9839,55.2375,Grande Riviere De La Baleine,Grande Riviere De La Baleine,34212.79,obs
GRDC_4214830,-73.9836,54.8492,Grande Riviere De La Baleine,Grande Riviere De La Baleine,19672.164,obs
GRDC_4214900,-67.5833,57.8833,Grande Riviere De La Baleine,Grande Riviere De La Baleine,29676.766,obs
GRDC_4214905,-64.8681,56.78306,George,George,24141.047,obs
GRDC_4215103,-119.61536,49.49852,Okanagan,Columbia,5964.034,obs
GRDC_4215200,-117.7164,49.1778,Columbia,Columbia,87105.25,obs
GRDC_4215210,-117.6278,49.0008,Columbia,Columbia,154793.23,obs
GRDC_4215320,-116.4019,48.905,Kootenay,Columbia,33854.883,obs
GRDC_4231601,-67.5897,46.47,Saint John,Saint John,34079.383,obs
GRDC_4231602,-67.7397,47.0389,Saint John,Saint John,21838.766,obs
GRDC_4231630,-66.8308,45.9622,Saint John,Saint John,39902.33,obs
GRDC_4232890,-84.61944,47.21389,Montreal,St. Lawrence,3384.2393,obs
GRDC_4243100,-76.2392,45.475,Ottawa,St.Lawrence,88198.734,obs
GRDC_4243101,-74.3928,45.57,Ottawa,St.Lawrence,143979.81,obs
GRDC_4244410,-71.84,48.7542,Peribonca,Saguenay,27127.36,obs
GRDC_4244430,-71.6353,48.5772,Saguenay,Saguenay,72559.62,obs
GRDC_4244500,-60.7892,53.2478,Churchill,Churchill Labrador,91294.52,obs
GRDC_4244580,-68.7208,49.5583,Outardes   Aux,Manicouagan,17718.178,obs
GRDC_4244655,-60.1247,51.8436,Little Mecatina,Little Mecatina,12040.676,obs
GRDC_4244890,-66.1903,50.3503,Moisie,Coastal,18936.127,obs
GRDC_4245920,-127.6847,55.7161,Skeena,Skeena,12562.334,obs
GRDC_5101071,144.211,-14.917,Normanby,Coastal,12941.687,obs
GRDC_5101470,151.98,-25.134,Burnett,Coastal,32082.766,obs
GRDC_5101500,152.668,-27.44,Brisbane,Coastal,10231.598,obs
GRDC_5104245,144.7863,-28.6895,Paroo River,Murray,21888.242,obs
GRDC_5109151,140.857,-18.165,Flinders,Flinders,106714.57,obs
GRDC_5109161,141.13,-17.862,Norman,Flinders,39393.82,obs
GRDC_5109170,142.8751,-18.2038,Gilbert,Gilbert,11509.568,obs
GRDC_5109210,139.883,-18.257,Leichhardt,Leichhardt,23929.877,obs
GRDC_5202044,152.6832,-29.5082,Clarence,Coastal,16930.922,obs
GRDC_5202102,151.4037,-32.6635,Hunter,Coastal,17782.973,obs
GRDC_5202103,151.17,-32.562,Hunter,Coastal,16443.98,obs
GRDC_5202135,150.683,-33.748,Nepean,Coastal,11000.716,obs
GRDC_5204103,148.1069,-35.0764,Murrumbidgee,Murray,21368.352,obs
GRDC_5204104,148.5743,-35.001,Murrumbidgee,Murray,13115.352,obs
GRDC_5204107,149.10125,-35.539928,Murrumbidgee River,Murray,5159.0117,obs
GRDC_5204181,149.8471,-29.4261,Gwydir,Murray,12443.437,obs
GRDC_5204301,147.9914,-33.4108,Lachlan,Murray,19423.086,obs
GRDC_5204401,149.0811,-32.6332,Macquairie,Murray,13804.036,obs
GRDC_5204451,148.0604,-30.0154,Barwon,Murray,131396.72,obs
GRDC_5204452,148.6885,-29.353,Barwon,Murray,64647.63,obs
GRDC_5302229,148.3615,-37.661,Snowy,Coastal,13455.891,obs
GRDC_5302400,141.2811,-37.9252,Glenelg,Coastal,11996.638,obs
GRDC_5304140,143.3472,-34.8472,Murray,Murray,113128.07,obs
GRDC_5607023,126.0278,-17.6722,Fitzroy,Fitzroy Western Australia,17136.164,obs
GRDC_5607025,123.6431,-17.7328,Fitzroy,Fitzroy Western Australia,91962.78,obs
GRDC_5607400,115.4994,-22.5443,Ashburton,Ashburton,71884.22,obs
GRDC_5607500,119.249,-20.3114,De Grey,De Grey,49892.383,obs
GRDC_5608096,128.69,-15.56,Ord,Ord,51374.996,obs
GRDC_5708126,129.7346,-15.9319,West Baines,Victoria,8775.419,obs
GRDC_5709110,136.0852,-16.4526,Macarthur,Macarthur,9469.079,obs
GRDC_5709112,136.318,-16.08,Macarthur,Macarthur,14405.916,obs
GRDC_5865300,175.1456,-37.6527,Waikato,Waikato,11507.113,obs
GRDC_5868050,169.3239,-45.1995,Clutha,Clutha,12094.478,obs
GRDC_6140300,14.145395,49.31291,Otava,Elbe,2889.5227,obs
GRDC_6140450,15.1,49.74,SAZAVA,Vltava,1492.2786,obs
GRDC_6142110,16.858672,48.79945,Thaya,Danube,11929.866,obs
GRDC_6142120,17.298601,48.933061,Morava,Danube,9108.618,obs
GRDC_6157100,18.327264,49.919651,Oder,Oder,4660.7764,obs
GRDC_6172023,23.996693,58.726413,Kasari,Kasari,2628.652,obs
GRDC_6172050,24.767508,58.463073,Pärnu,Pärnu,5157.609,obs
GRDC_6172200,26.726115,58.380004,Emajõgi,Narva,8011.2256,obs
GRDC_6172280,27.45446,58.09556,Vohandu jogi,Narva,1108.9172,obs
GRDC_6172351,27.740289,59.000848,Narva,Narva,47709.12,obs
GRDC_6211050,-8.493114,42.08093,Minho,Minho,15652.387,obs
GRDC_6211180,-7.60459,43.13946,Minho,Minho,1025.4779,obs
GRDC_6212505,-5.564858,42.366741,Esla,Douro,3984.9377,obs
GRDC_6212740,-4.732359,41.661169,Pisuerga,Douro,15522.906,obs
GRDC_6217140,-3.79918,37.98415,Guadalquivir,Guadalquivir,15659.89,obs
GRDC_6220210,3.126709,50.791197,Leie,Scheldt,2900.176,obs
GRDC_6220361,4.279647,50.765746,Dyle,Scheldt,660.42487,obs
GRDC_6221100,5.690309,50.725894,Meuse,Meuse,20477.346,obs
GRDC_6221101,5.31777,50.536474,Meuse,Meuse,16554.885,obs
GRDC_6221102,4.806518,50.092132,Meuse,Meuse,10163.75,obs
GRDC_6226200,-2.955462,42.687636,Ebro,Ebro,5434.447,obs
GRDC_6226310,-1.650487,42.343265,Aragon,Ebro,5520.4453,obs
GRDC_6226420,-0.897818,41.637059,Huerva,Ebro,1050.5504,obs
GRDC_6226450,-1.280026,41.912961,Arba,Ebro,2152.8833,obs
GRDC_6226600,0.416323,41.45158,Segre,Ebro,12899.8545,obs
GRDC_6226800,0.520716,40.813296,Ebro,Ebro,84021.945,obs
GRDC_6229100,11.54,58.88,ENNINGDALSAELVEN,Glomma,630.0529,obs
GRDC_6232901,23.543048,67.224893,Muonio,Torne,12618.574,obs
GRDC_6233100,12.31002,57.239762,Viskan,Viskan,2138.1492,obs
GRDC_6233114,16.784631,62.087329,Edean,Harmangersan,592.15094,obs
GRDC_6233122,16.809291,60.861162,Ostersjon,Testeboan ,1185.9004,obs
GRDC_6233126,18.564553,63.571375,Gide,Gidealven,3149.4775,obs
GRDC_6233130,14.749482,56.194506,Morrumsan,Morrumsan,3417.8616,obs
GRDC_6233170,13.51,56.49,Lagan,Lagan,5469.5044,obs
GRDC_6233200,12.44,61.81,GROETSJOEN,Osterdalalven,563.63135,obs
GRDC_6233201,17.44,60.56,Dalaelven,Dalaelven,28357.705,obs
GRDC_6233205,13.008137,61.309466,Goralven,Dal,1082.7102,obs
GRDC_6233221,17.08,61.21,Ljusnan,Ljusnan,20162.434,obs
GRDC_6233223,14.312913,62.031505,Ljusnan,Ljusnan,8358.442,obs
GRDC_6233315,12.37,58.36,Gota,Gota,48425.61,obs
GRDC_6233350,16.162713,57.009086,Alsteran,Alsteran,1374.2767,obs
GRDC_6233360,16.45,57.14,Eman,Eman,4507.89,obs
GRDC_6233401,17.39,62.52,Indalselven,Indalselven,25587.104,obs
GRDC_6233410,18.08,59.3,Maelaren,Maelaren,22684.887,obs
GRDC_6233425,15.113585,59.534358,Jarlean,Arbogaan,849.5275,obs
GRDC_6233440,16.699135,58.859044,Vrenaan,Nykopingsan,2239.2974,obs
GRDC_6233510,19.666241,64.239979,Vindel,Ume,13815.889,obs
GRDC_6233525,13.193451,59.446488,Norsalven,Norsa,4012.7659,obs
GRDC_6233551,16.96,62.36,Ljungan,Ljungan,12096.707,obs
GRDC_6233680,17.508312,65.542207,Vindel,Ume,6164.7637,obs
GRDC_6233690,20.86,64.74,Skellefteaelven,Skellefteaelven,11641.089,obs
GRDC_6233700,18.298032,63.433359,Moalven,Moalven,1469.6925,obs
GRDC_6233710,21.21,65.53,Piteaelven,Piteaelven,11701.699,obs
GRDC_6233750,21.67,65.81,Luleaelven,Luleaelven,24922.588,obs
GRDC_6233780,21.97,66.02,RANEAELVEN,Kalixalv,3882.7927,obs
GRDC_6233800,21.807666,66.170754,Livasalven,Ranealven,1090.5736,obs
GRDC_6235400,9.578855,47.260356,Ill,Rhine,1271.8375,obs
GRDC_6235530,9.658374,47.447569,Rhine,Rhine,6534.881,obs
GRDC_6242100,14.284912,48.30692,Danube,Danube,79239.78,obs
GRDC_6242150,14.891028,48.110874,Ybbs,Danube,1097.9541,obs
GRDC_6242250,14.424931,48.043318,Enns,Danube,5929.8965,obs
GRDC_6242401,15.46122,48.382792,Danube,Danube,95611.72,obs
GRDC_6242501,16.332121,48.329485,Danube,Danube,101164.07,obs
GRDC_6242510,10.709677,47.497015,Lech,Danube,1007.14294,obs
GRDC_6242520,15.690083,48.534688,Kamp,Danube,1525.8698,obs
GRDC_6242800,16.977317,48.173299,Danube,Danube,130918.93,obs
GRDC_6242850,15.499183,48.844976,Thaya,Danube,1406.0092,obs
GRDC_6243030,11.396506,47.275613,Inn,Danube,5755.178,obs
GRDC_6243050,12.093312,47.522774,Inn,Danube,9282.519,obs
GRDC_6243250,12.974216,47.811555,Saalach,Danube,1115.5402,obs
GRDC_6243850,13.44,48.43,Inn,Inn,24264.443,obs
GRDC_6246145,13.494837,46.807338,Lieser,Danube,1032.3326,obs
GRDC_6246590,15.792175,46.711443,Mur,Danube,9766.987,obs
GRDC_6246611,15.31,47.16,Mur,Mur,6805.1626,obs
GRDC_6246612,15.28143,47.409966,Mur,Danube,6194.3037,obs
GRDC_6246700,15.47,47.52,MUERZ,Mura,722.59216,obs
GRDC_6321100,6.15,51.68,Niers,Meuse / Maas,1382.8052,obs
GRDC_6335030,7.160984,51.399742,Ruhr,Rhine,4097.8833,obs
GRDC_6335076,7.445678,50.502094,Wied,Mittelrhein,663.1451,obs
GRDC_6335100,7.764994,50.085407,Rhine,Rhine,103274.984,obs
GRDC_6335113,7.903167,49.940455,Nahe,Rhine,4036.708,obs
GRDC_6335116,7.720027,49.780141,Nahe,Rhine,2826.9858,obs
GRDC_6335125,8.03,48.39,KINZIG -TRIB. RHEIN-,"Rhine, section Ill - Neckar",957.2151,obs
GRDC_6335160,8.79551,50.283039,Nidda,Rhine,1073.3689,obs
GRDC_6335170,8.44876,49.323786,Rhine,Rhine,53044.016,obs
GRDC_6335180,8.377548,49.631858,Rhine,Rhine,68711.586,obs
GRDC_6335200,8.305614,49.038957,Rhine,Rhine,50535.773,obs
GRDC_6335290,9.28,49.25,KOCHER,Neckar,1925.0035,obs
GRDC_6335303,10.75524,49.92968,Main,Rhine,11943.837,obs
GRDC_6335310,8.94581,50.132084,Kinzig,Rhine,967.7518,obs
GRDC_6335350,8.355275,50.545134,Lahn,Rhine,3578.359,obs
GRDC_6335351,8.764476,50.798714,Lahn,Rhine,1663.9613,obs
GRDC_6335400,7.799905,47.560715,Rhine,Rhine,34234.105,obs
GRDC_6335450,9.621145,47.61546,ARGEN,Rhine,634.92316,obs
GRDC_6335460,9.554292,47.660208,SCHUSSEN,Rhine,781.16754,obs
GRDC_6335530,10.9489,49.8328,Regnitz,Rhine,6941.756,obs
GRDC_6335601,9.159831,49.072307,Neckar,Rhine,7866.589,obs
GRDC_6335602,9.419239,48.707411,Neckar,Rhine,3967.6492,obs
GRDC_6335800,10.8741,49.951,Main,Rhine,4249.7686,obs
GRDC_6336050,7.16831,50.143322,Moselle,Rhine,27046.951,obs
GRDC_6336800,6.369075,49.472537,Moselle,Rhine,11528.5625,obs
GRDC_6336900,6.648444,49.408914,Saar,Rhine,6923.843,obs
GRDC_6337100,8.86,52.17,WESER,Weser,17573.852,obs
GRDC_6337501,9.7,52.68,ALLER,Aller,7757.3677,obs
GRDC_6337506,9.49,51.19,Fulda,Weser,2975.8628,obs
GRDC_6337508,9.72,51,FULDA,Fulda,2517.9043,obs
GRDC_6337509,9.67,52.38,Leine,Weser,5276.22,obs
GRDC_6337512,10.19,51.12,WERRA,Weser,4283.7065,obs
GRDC_6337514,9.51,51.97,WESER,Weser,15877.041,obs
GRDC_6337515,9.21,52.85,WESER,Aller,22141.732,obs
GRDC_6337601,9.307951,51.076658,SCHWALM -DE-HE-,Weser,997.69696,obs
GRDC_6338100,7.24,52.74,Ems,Ems,8455.731,obs
GRDC_6338110,7.24,52.59,EMS,Ems,4957.696,obs
GRDC_6338120,7.6,52.09,EMS,Ems,2929.4968,obs
GRDC_6338130,7.43,52.28,EMS,Ems,3757.9329,obs
GRDC_6340110,10.8888,53.232262,Elbe,Elbe,130643.06,obs
GRDC_6340130,12.646309,51.856531,Elbe,Elbe,61510.805,obs
GRDC_6340140,11.882244,51.984836,Elbe,Elbe,93737.21,obs
GRDC_6340150,11.759441,52.985531,Elbe,Elbe,122264.4,obs
GRDC_6340160,11.978054,52.541308,Elbe,Elbe,97533.05,obs
GRDC_6340170,12.058857,51.857869,Elbe,Elbe,69834.68,obs
GRDC_6340190,13.01012,51.553713,Elbe,Elbe,55367.26,obs
GRDC_6340200,11.68,51.22,Unstrut,Elbe,6210.103,obs
GRDC_6340300,11.812211,51.916414,Saale,Elbe,23429.44,obs
GRDC_6340301,11.954551,51.514254,Saale,Elbe,17890.248,obs
GRDC_6340302,11.3352,50.7193,SAALE,Saale,2678.8386,obs
GRDC_6340365,12.387218,51.211917,Pleisse,Elbe,1248.8276,obs
GRDC_6340501,12.321014,52.607446,Lower Havel,Elbe,18184.072,obs
GRDC_6340510,12.85,52.48,HAVEL,"Havel, below Spree",15472.248,obs
GRDC_6340600,12.580715,51.590779,United Mulde,Elbe,6163.791,obs
GRDC_6340620,12.772535,51.006848,Zwickauer Mulde,Elbe,2100.5693,obs
GRDC_6340621,12.493595,50.740921,Zwickauer Mulde,Elbe,1032.1313,obs
GRDC_6340630,13.020015,50.886191,Zschopau,Elbe,1557.7953,obs
GRDC_6340810,14.574662,51.405541,Black Schops,Elbe,728.7587,obs
GRDC_6341500,13.31,53.79,TOLLENSE,Peene,1378.2721,obs
GRDC_6342130,10.692216,48.783017,Wornitz,Danube,1564.6437,obs
GRDC_6342200,10.31,47.73,Iller,Danube,960.56885,obs
GRDC_6342201,9.9874,48.3708,Iller,Danube,2242.253,obs
GRDC_6342500,11.426,48.7574,Danube,Danube,20176.535,obs
GRDC_6342501,10.5005,48.5684,Danube,Danube,11823.074,obs
GRDC_6342510,10.888,48.4081,Lech,Danube,3970.472,obs
GRDC_6342520,11.200333,48.883072,Altmuhl,Danube,1406.145,obs
GRDC_6342521,11.4783,49.0285,Altmuhl,Danube,2427.0989,obs
GRDC_6342600,12.13873,49.023585,Danube,Danube,35318.91,obs
GRDC_6342610,11.9363,49.1183,Naab,Danube,5412.6196,obs
GRDC_6342611,12.154,49.5356,Naab,Danube,1989.3657,obs
GRDC_6342650,11.8652,48.4607,Amper,Danube,3120.5608,obs
GRDC_6342800,13.115212,48.676627,Danube,Danube,47482.684,obs
GRDC_6342900,13.503336,48.582691,Danube,Danube,76327.07,obs
GRDC_6342920,12.7472,48.8798,Danube,Danube,37587.184,obs
GRDC_6342925,12.692566,48.675294,Isar,Danube,8806.893,obs
GRDC_6343100,12.2343,48.0593,Inn,Danube,11869.756,obs
GRDC_6343500,12.8341,48.1585,Salzach,Danube,6658.0728,obs
GRDC_6357010,14.141123,52.864739,Oder,Oder,112407.836,obs
GRDC_6357500,14.687965,52.153321,Oder,Oder,51151.633,obs
GRDC_6357501,14.706919,51.969154,Lusatian Neisse,Oder,4184.229,obs
GRDC_6401120,-20.63,63.93,THJORSA,Pjorsa,7228.191,obs
GRDC_6502101,-7.993647,53.193787,Shannon,Shannon,7976.523,obs
GRDC_6502141,-7.828063,53.269937,Brosna,Shannon,1187.1685,obs
GRDC_6502150,-8.238554,53.361687,Suck,Shannon,1211.2133,obs
GRDC_6502160,-7.757923,53.562867,Inny,Shannon,1056.1573,obs
GRDC_6502171,-8.37,53.96,BOYLE,Shannon,514.7095,obs
GRDC_6503100,-9.04,53.26,CORRIB,Clare,3057.0745,obs
GRDC_6503120,-8.767416,52.543441,Maigue,Maigue,812.1307,obs
GRDC_6503151,-9.157683,54.103927,Moy,Moy,1929.3796,obs
GRDC_6503280,-7.694598,52.351525,Suir,Suir,2157.858,obs
GRDC_6503281,-7.922937,52.357673,Suir,Suir,1576.743,obs
GRDC_6503300,-7.0917,52.50077,Nore,Barrow,2361.8271,obs
GRDC_6503350,-6.950884,52.540754,Barrow,Barrow,2748.9023,obs
GRDC_6503351,-6.981458,52.700198,Barrow,Barrow,2390.8477,obs
GRDC_6503500,-8.051952,52.144345,Munster Blackwater,Munster Blackwater,2321.3667,obs
GRDC_6503851,-6.562423,53.707212,Boyne,Boyne,2520.9465,obs
GRDC_6503855,-6.720332,53.663269,Blackwater -Kells-,Boyne,700.579,obs
GRDC_6729200,6.292537,60.628683,Vosso,Vosso,1109.5778,obs
GRDC_6729215,6.066195,58.573402,Bjerkreim,Bjerkreim,635.7892,obs
GRDC_6729260,7.951435,58.247549,Otra,Otra,3720.2888,obs
GRDC_6729300,9.626174,60.951902,Etna,Drammen,623.67847,obs
GRDC_6729310,9.9,59.88,Dramselv,Begna,16197.489,obs
GRDC_6729311,10.007267,59.752922,Drammen,Drammen,17084.799,obs
GRDC_6729371,8.203061,58.330464,Tovdal,Tovdal,1803.9366,obs
GRDC_6729400,11.11,59.6,Glama,Glomma,39682.48,obs
GRDC_6729401,11.560652,60.874212,Glomma,Glomma,14586.399,obs
GRDC_6729402,11.67747,60.254316,Glomma,Glomma,19358.979,obs
GRDC_6729450,10.277532,61.333385,Lagen,Glomma,11398.739,obs
GRDC_6729453,10.270885,61.215377,Gausa,Glomma,778.38885,obs
GRDC_6729525,8.993231,59.611714,Heddola,Skien,810.3198,obs
GRDC_6729530,12.047125,60.64117,Flisa,Glomma,1633.5275,obs
GRDC_6730100,29.321311,69.700744,Neidenelva,Neidenelva,2776.9248,obs
GRDC_6731020,7.78144,62.473214,Rauma,Rauma,1023.8788,obs
GRDC_6731137,8.694089,62.64874,Driva,Driva,2410.413,obs
GRDC_6731165,5.886256,61.333056,Gaula -Sande-,Gaula (Sande),490.8712,obs
GRDC_6731501,10.229018,63.108479,Gaula -Melhus-,Gaula (Melhus),2966.7654,obs
GRDC_6731502,11.18388,62.890107,Gaula -Melhus-,Gaula (Melhus),785.00195,obs
GRDC_6731515,10.390233,63.384904,Nea,Nea,3038.3547,obs
GRDC_6731555,12.058677,64.468065,Namsen,Namsen,5227.881,obs
GRDC_6731601,13.291557,65.621554,Vefsna,Vefsna,3691.342,obs
GRDC_6731610,13.307593,65.905237,Fusta,Fusta,522.3742,obs
GRDC_6731620,9.592639,62.511384,Driva,Driva,707.8661,obs
GRDC_6731905,17.941075,68.857619,Svartdalsbekken,Salangs,464.73648,obs
GRDC_6731907,18.658337,69.034928,Malselv,Malselv,2910.8145,obs
GRDC_6733570,12.322496,61.259078,Trysilelva - Klaralven,Gota,4933.0415,obs
GRDC_6830100,28.448919,68.908733,Paatsjoki,Paatsjoki,14088.733,obs
GRDC_6830102,27.274471,68.554588,Ivalo,Paatsjoki,3487.0713,obs
GRDC_6830104,26.925191,68.889188,Juutuanjoki,Paatsjoki,5134.783,obs
GRDC_6830200,28.037857,69.509454,Iijarvi,Naatamo,742.2194,obs
GRDC_6830510,26.999533,69.783662,Utsjoki,Tana,1458.7949,obs
GRDC_6830512,25.844885,69.395731,Anarjohka,Tana,3571.214,obs
GRDC_6832750,23.660143,67.945748,Muonio,Torne,7997.983,obs
GRDC_6832752,23.783981,66.381335,Tengelionjoki,Torne,3306.736,obs
GRDC_6836220,6.098584,49.8448,Alzette,Rhine,1076.4241,obs
GRDC_6836310,6.509851,49.785883,Sauer,Rhine,4216.935,obs
GRDC_6854104,23.943,61.844542,KOKEMAENJOKI,Kokem,6239.0947,obs
GRDC_6854105,22.687069,61.135463,Loimijoki,Kokem,2641.0818,obs
GRDC_6854150,21.73,61.2,Eurajoki,Kokemaenjoki-Archipelago Sea-Bothnian Sea,1216.1385,obs
GRDC_6854205,26.04135,61.581902,Tainionvirta,Kymijoki,1464.9559,obs
GRDC_6854220,23.75,63.48,PERHONJOKI,Perhonjoki,1421.977,obs
GRDC_6854250,25.88,62.23,Leppavesi-Paijanne,Kymijoki,15513.198,obs
GRDC_6854271,26.678069,63.01178,Koskilampi,Kymijoki,2373.573,obs
GRDC_6854280,25.53,63.05,Huopanankoski,"Kymijoki, Keitele catchment",2207.0056,obs
GRDC_6854301,23.77,63.97,Lestijoki,Lestijoki,955.8112,obs
GRDC_6854590,29.58,64.2,Oulujoki,Oulujoki,2108.6763,obs
GRDC_6854591,26.78,64.57,Oulujoki,Oulujoki,20767.99,obs
GRDC_6854610,25.28,65.62,Kuivajoki,Oulujoki-Iijoki,1259.759,obs
GRDC_6854700,24.545286,65.792669,Kemijoki,Kemijoki,53527.656,obs
GRDC_6854701,27.352968,66.475673,Kemijoki,Kemijoki,28729.297,obs
GRDC_6854702,25.540257,66.424052,Kemijoki,Kemijoki,49708.277,obs
GRDC_6854707,24.844374,67.878636,Ounasjoki,Kemijoki,4388.3433,obs
GRDC_6854710,25.420245,66.798477,Ounasjoki,Kemijoki,13152.493,obs
GRDC_6854712,25.747274,67.130471,Meltausjoki,Kemijoki,1009.1314,obs
GRDC_6854720,24.874574,64.748215,Siikajoki,Siikajoki,3979.4255,obs
GRDC_6854800,24.12,64.2,Kalajoki,Kalajoki,3829.2556,obs
GRDC_6855400,28.78,61.22,Vuoksi,Vuoksi,68117.64,obs
GRDC_6855410,30.775389,62.802288,Saarilahti,Neva,3789.4255,obs
GRDC_6855440,27.241472,63.20596,Ahkiolahden kanava,Neva,5327.337,obs
GRDC_6935051,7.61667,47.559432,Rhine,Rhine,34667.664,obs
GRDC_6935145,9.456125,46.837667,Rhine,Rhine,3219.7476,obs
hysets_02105769,-78.2936,34.4043,Cape Fear,Cape Fear,13658.366,obs
hysets_02148315,-80.6204,33.8285,Wateree,Santee,14379.293,obs
hysets_02323000,-82.9243,29.7913,Suwannee,Suwannee,24521.15,obs
hysets_03OE003,-61.18544,52.61258,Minipi,Churchill Labrador,2320.1548,obs
hysets_04119000,-85.6764,42.9645,Grand,St.Lawrence,12718.381,obs
hysets_05481300,-93.998,42.2511,Des Moines,Mississippi,14055.636,obs
hysets_06478500,-97.6356,43.1858,James Trib. Missouri,Mississippi,54989.207,obs
hysets_06AF001,-109.84243,54.56602,Cold,Churchill,6485.9014,obs
hysets_06HB002,-98.7769,60.7858,Thlewiaza,Thlewiaza,27281.344,obs
hysets_06JC002,-101.3622,64.5303,Thelon,Thelon,65488.49,obs
hysets_07288955,-90.9142,32.4431,Yazoo,Mississippi,34866.543,obs
hysets_07SA002,-115.4333,63.9742,Snare,Mackenzie,13652.629,obs
hysets_08AB001,-137.9742,60.1192,Alsek,Alsek,16133.8125,obs
hysets_08AB002,-138.0837,59.3947,Alsek,Alsek,28319.793,obs
hysets_08CF003,-132.132,56.7077,Stikine,Stikine,50682.223,obs
hysets_08MA002,-124.14336,51.62486,Chilko,Fraser,2126.075,obs
hysets_09508500,-111.7163,34.0731,Verde,Colorado Pacific Ocean,14294.75,obs
hysets_09BC004,-133.3778,62.2222,Pelly,Yukon,21817.34,obs
hysets_09FC001,-139.6964,67.6344,Old Crow,Yukon,13766.739,obs
hysets_10AB001,-129.1189,60.4739,Frances,Mackenzie,12703.657,obs
hysets_10EB001,-125.7953,61.6358,South Nahanni,Mackenzie,14472.903,obs
hysets_10GB006,-122.9,62.6506,Willowlake,Mackenzie,20569.645,obs
hysets_10MA001,-136.0361,65.8944,Peel,Mackenzie,25343.252,obs
hysets_10NC001,-128.4133,68.6322,Anderson,Anderson,55847.54,obs
hysets_10PC004,-115.8869,67.2289,Coppermine,Coppermine,47089.418,obs
hysets_10QD001,-104.1403,67.7083,Ellice,Ellice,16980.58,obs
hysets_10RC001,-96.5111,66.0861,Back,Back,96326.805,obs
il_14120,34.952961,32.439029,Hadera,Hadera,569.7202,obs
il_17168,34.792061,32.041924,Ayalon,Yarkon,774.26904,obs
il_30136,35.61475,33.182266,Jordan,Jordan / Dead Sea,843.0639,obs
il_30175,35.631834,33.040368,Jordan,Jordan / Dead Sea,1389.1189,obs
lamah_10039802,10.8014,48.7107,Danube,Danube,14980.75,obs
lamah_10053009,11.8643,48.9166,Danube,Danube,22927.984,obs
lamah_201194,10.660908,47.076753,Inn,Danube,2454.367,obs
lamah_201459,10.874705,47.258747,Inn,Danube,5091.0894,obs
lamah_201681,11.789238,47.388857,Inn,Danube,7204.3164,obs
lamah_201780,11.862502,47.346304,Ziller,Danube,1092.147,obs
lamah_203323,13.16345,47.595786,Saalach,Danube,3547.3083,obs
lamah_207308,16.935429,48.602278,Morava,Danube,24096.842,obs
lamah_211136,14.752621,47.185059,Mur,Danube,2949.3364,obs
lamah_212167,12.766335,46.831632,Isel,Danube,1195.1157,obs
lamah_212324,12.97297,46.747615,Drave,Danube,2101.532,obs
lamah_212399,13.302641,46.875108,Moll,Danube,1044.538,obs
lamah_213041,14.478061,46.606288,Gurk,Danube,2547.3752,obs
lamah_213157,14.476932,46.760439,Gurk,Danube,1239.3885,obs
lamah_213215,13.52317,46.77402,Drava,Danube,4776.104,obs
lamah_317,17.26133,49.576874,Morava,Danube,3327.58,obs
lamah_330,17.408543,49.449116,Becva,Danube,1593.2657,obs
lamah_339,17.39939,49.301911,Morava,Danube,6999.0405,obs
lamah_364,16.437896,48.790547,Thaya,Danube,3559.6658,obs
lamah_383,16.616741,49.035525,Svratka,Danube,3934.227,obs
lamah_397,16.411488,49.083013,Jihlava,Danube,2679.879,obs
lamahice_18,-17.89667,65.8507,Fnjoska,Fnjoska,1122.2639,obs
lamahice_45,-16.189687,65.62335,Jökulsá á Fjöllum,Bakkahlaup,5117.9937,obs
lamahice_47,-15.08,64.98,JOEKULSA I FLJOTSDAL,Lagarfljot,559.2823,obs
lamahice_59,-16.142383,65.048361,Kreppa,Bakkahlaup,935.87646,obs
lamahice_67,-21.603311,64.710783,Nordura,Hvíta,504.2271,obs
